<?xml version="1.0" encoding="UTF-8"?>
<jalopy>
    <general>
        <compliance>
            <version>14</version>
        </compliance>
        <style>
            <description>Sun Java Coding Convention</description>
            <name>Sun</name>
        </style>
    </general>
    <inspector>
        <enable>true</enable>
        <naming>
            <classes>
                <abstract>[A-Z][a-zA-Z0-9]+</abstract>
                <general>[A-Z][a-zA-Z0-9]+</general>
            </classes>
            <fields>
                <default>[a-z][\w]+</default>
                <defaultStatic>[a-z][\w]+</defaultStatic>
                <defaultStaticFinal>[a-zA-Z][\w]+</defaultStaticFinal>
                <private>[a-z][\w]+</private>
                <privateStatic>[a-z][\w]+</privateStatic>
                <privateStaticFinal>[a-zA-Z][\w]+</privateStaticFinal>
                <protected>[a-z][\w]+</protected>
                <protectedStatic>[a-z][\w]+</protectedStatic>
                <protectedStaticFinal>[a-zA-Z][\w]+</protectedStaticFinal>
                <public>[a-z][\w]+</public>
                <publicStatic>[a-z][\w]+</publicStatic>
                <publicStaticFinal>[a-zA-Z][\w]+</publicStaticFinal>
            </fields>
            <interfaces>[A-Z][a-zA-Z0-9]+</interfaces>
            <labels>\w+</labels>
            <methods>
                <default>[a-z][\w]+</default>
                <defaultStatic>[a-z][\w]+</defaultStatic>
                <defaultStaticFinal>[a-z][\w]+</defaultStaticFinal>
                <private>[a-z][\w]+</private>
                <privateStatic>[a-z][\w]+</privateStatic>
                <privateStaticFinal>[a-z][\w]+</privateStaticFinal>
                <protected>[a-z][\w]+</protected>
                <protectedStatic>[a-z][\w]+</protectedStatic>
                <protectedStaticFinal>[a-z][\w]+</protectedStaticFinal>
                <public>[a-z][\w]+</public>
                <publicStatic>[a-z][\w]+</publicStatic>
                <publicStaticFinal>[a-z][\w]+</publicStaticFinal>
            </methods>
            <packages>[a-z]+(?:\.[a-z]+)*</packages>
            <parameters>
                <default>[a-z][\w]+</default>
                <final>[a-z][\w]+</final>
            </parameters>
            <variables>[a-z][\w]*</variables>
        </naming>
        <tips>
            <adhereToNamingConvention>true</adhereToNamingConvention>
            <alwaysOverrideEquals>true</alwaysOverrideEquals>
            <alwaysOverrideHashCode>true</alwaysOverrideHashCode>
            <avoidThreadGroups>false</avoidThreadGroups>
            <declareCollectionComment>false</declareCollectionComment>
            <dontIgnoreExceptions>false</dontIgnoreExceptions>
            <dontSubstituteObjectEquals>true</dontSubstituteObjectEquals>
            <neverDeclareException>false</neverDeclareException>
            <neverDeclareThrowable>false</neverDeclareThrowable>
            <neverInvokeWaitOutsideLoop>false</neverInvokeWaitOutsideLoop>
            <neverReturnZeroArrays>false</neverReturnZeroArrays>
            <neverUseEmptyFinally>false</neverUseEmptyFinally>
            <obeyContractEquals>true</obeyContractEquals>
            <overrideToString>true</overrideToString>
            <referToObjectsByInterface>false</referToObjectsByInterface>
            <replaceStructureWithClass>false</replaceStructureWithClass>
            <stringLiterallI18n>false</stringLiterallI18n>
            <useInterfaceOnlyForTypes>false</useInterfaceOnlyForTypes>
            <wrongCollectionComment>false</wrongCollectionComment>
        </tips>
    </inspector>
    <internal>
        <version>6</version>
    </internal>
    <messages>
        <priority>
            <general>30000</general>
            <parser>30000</parser>
            <parserJavadoc>30000</parserJavadoc>
            <printer>30000</printer>
            <printerJavadoc>30000</printerJavadoc>
            <transform>30000</transform>
        </priority>
        <showErrorStackTrace>true</showErrorStackTrace>
    </messages>
    <misc>
        <threadCount>1</threadCount>
    </misc>
    <printer>
        <backup>
            <directory>bak</directory>
            <level>0</level>
        </backup>
        <history>
            <policy>disabled</policy>
        </history>
        <misc>
            <arrayBracketsAfterIdent>false</arrayBracketsAfterIdent>
            <forceFormatting>false</forceFormatting>
            <insertExpressionParentheses>true</insertExpressionParentheses>
            <insertLoggingConditional>false</insertLoggingConditional>
            <insertTrailingNewline>true</insertTrailingNewline>
            <insertUID>false</insertUID>
        </misc>
    </printer>
</jalopy>

