<?xml version="1.0" encoding="ISO-8859-15" ?>

 <!DOCTYPE tiles-definitions PUBLIC
       "-//Apache Software Foundation//DTD Tiles Configuration 1.1//EN"
       "http://jakarta.apache.org/struts/dtds/tiles-config_1_1.dtd">

<tiles-definitions>
<!-- definitions pour le module registration (reg) -->
   <!-- definition par d�faut du module reg -->
<definition name=".reg.basic" extends=".root.common" page="/WEB-INF/modules/reg/tiles/layouts/regLayout.jsp">
        <put name="body"   value="/WEB-INF/modules/reg/tiles/basicBody.jsp" />
        <put name="title"  value="jboard Registration module" />
</definition>
<definition name=".reg.logon" extends=".reg.basic" >
        <put name="body"   value="/WEB-INF/modules/reg/tiles/logon.jsp" />
</definition>
<definition name=".reg.register" extends=".reg.basic" >
        <put name="body"   value="/WEB-INF/modules/reg/tiles/register.jsp" />
</definition>
<definition name=".reg.logoff" extends=".reg.basic" >
        <put name="body"   value="/logoff.jsp" />
</definition>
<definition name=".reg.generalModule" extends=".root.common" page="/WEB-INF/modules/general/tiles/layouts/generalBasicLayout.jsp">
        <put name="body"   value="/WEB-INF/modules/general/tiles/welcomeBody.jsp" />
</definition>
</tiles-definitions>
