<?xml version="1.0" encoding="UTF-8"?>
<!DOCTYPE struts PUBLIC
   "-//Apache Software Foundation//DTD Struts Configuration 2.0//EN"
   "http://struts.apache.org/dtds/struts-2.0.dtd">
	
<struts>
<package name="checkLogin" extends="struts-default">
	<interceptors>
		<interceptor name="checkLoginInterceptor"
			class="tesina.interceptors.CheckLoginInterceptor"/>
	
	<interceptor-stack name="checkLoginStack">
		<interceptor-ref name="checkLoginInterceptor" />
		<interceptor-ref name="defaultStack" />
	</interceptor-stack>
	
	</interceptors>
</package>
</struts>